cue,ftype,qid,question,truth_coded,count,truth_mean,truth_std,truth_min,truth_max,senses_mean,senses_std,senses_min,senses_max,difficulty_mean,difficulty_std,difficulty_min,difficulty_max,truth_z,senses_z,difficulty_z,truth_normed,truth_agree
alligator,nonvisual,4,Is it found in summer?,no,5.0,1.0,1.0,0.0,2.0,3.2,0.8366600265340751,2.0,4.0,-0.2,0.8366600265340756,-1.0,1.0,0.6830975485798644,1.2071059043629297,1.9898581953375518,yes,0.0
bottle,visual,5,Does it have a cork?,yes,7.0,-0.5714285714285714,0.9759000729485332,-2.0,0.0,2.0,1.0,1.0,4.0,-1.1428571428571428,0.8997354108424375,-2.0,0.0,-0.3379729704987258,-0.20189689741622208,0.27179183096409426,no,0.0
deer,nonvisual,1,Does it live in zoos?,no,5.0,1.2,1.0954451150103321,0.0,2.0,1.6,0.8944271909999157,1.0,3.0,-1.2,1.0954451150103321,-2.0,0.0,0.8130519782807758,-0.6715644980092725,0.16766659675964227,yes,0.0
grasshopper,nonvisual,4,Does it fly?,yes,6.0,-0.8333333333333334,0.752772652709081,-2.0,0.0,2.0,0.8944271909999159,1.0,3.0,-0.3333333333333333,0.816496580927726,-1.0,1.0,-0.5081513903451575,-0.20189689741622208,1.746899315527164,no,0.0
pig,nonvisual,3,Does it live in India?,no,5.0,0.2,0.4472135954999579,0.0,1.0,3.2,1.7888543819998315,1.0,5.0,-0.6,1.140175425099138,-2.0,1.0,0.1632798297762184,1.2071059043629297,1.260981555906388,yes,0.0
rabbit,nonvisual,2,Does it make noises?,no,5.0,0.4,0.8944271909999159,-1.0,1.0,1.4,0.8944271909999157,1.0,3.0,-1.0,1.0,-2.0,0.0,0.2932342594771299,-0.9063982983057981,0.5321049164752241,yes,0.0
raccoon,visual,5,Does it have a mask?,yes,7.0,-1.1428571428571428,1.4638501094227998,-2.0,1.0,2.7142857142857144,1.6035674514745464,1.0,5.0,-1.5714285714285714,0.7867957924694432,-2.0,0.0,-0.7092713410727586,0.6367952464999398,-0.5091474255692956,no,0.0
raccoon,nonvisual,4,Does it spit?,no,2.0,1.0,0.0,1.0,1.0,3.0,0.0,3.0,3.0,0.5,0.7071067811865476,0.0,1.0,0.6830975485798644,0.9722721040664043,3.265392314342088,yes,0.0
