cue,ftype,qid,question,truth_coded,count,truth_mean,truth_std,truth_min,truth_max,imagery_mean,imagery_std,imagery_min,imagery_max,difficulty_mean,difficulty_std,difficulty_min,difficulty_max,facts_mean,facts_std,facts_min,facts_max,imagery_z,facts_z,difficulty_z,truth_normed,truth_agree
alligator,nonvisual,4,Is it found in summer?,no,7.0,0.8571428571428571,0.8997354108424372,0.0,2.0,1.8571428571428572,1.2149857925879117,0.0,4.0,-0.2857142857142857,1.3801311186847085,-2.0,1.0,2.4285714285714284,1.3972762620115438,0.0,4.0,0.6692153112482769,2.1546277753541996,2.662085164014347,yes,0.0
bottle,visual,5,Does it have a cork?,yes,7.0,-0.42857142857142855,0.7867957924694432,-2.0,0.0,1.2857142857142858,1.3801311186847085,0.0,4.0,-1.7142857142857142,0.7559289460184543,-2.0,0.0,0.2857142857142857,0.4879500364742666,0.0,1.0,-0.21977005209361514,-1.122681628467621,-0.5573390098650141,no,0.0
camel,nonvisual,3,Does it eat?,no,8.0,1.375,0.9161253813129043,0.0,2.0,1.625,1.5059406173077154,0.0,4.0,-1.625,0.7440238091428449,-2.0,0.0,1.25,1.5811388300841898,0.0,4.0,0.30806500739063314,0.35210760325219825,-0.35612499899755423,yes,0.0
chair,nonvisual,4,Is it used in circuses?,no,7.0,0.42857142857142855,0.5345224838248488,0.0,1.0,1.5714285714285714,0.9759000729485333,0.0,3.0,-0.5714285714285714,0.5345224838248488,-1.0,0.0,0.7142857142857143,0.9511897312113419,0.0,2.0,0.22472262957733072,-0.4672197477032569,2.0182003292384745,yes,0.0
giraffe,nonvisual,3,Does it live in grass?,no,11.0,0.5454545454545454,1.2135597524338357,-2.0,2.0,2.0,1.0,0.0,4.0,-0.8181818181818182,0.9816498172140428,-2.0,1.0,2.090909090909091,1.1361818036340356,0.0,4.0,0.8914616520837498,1.6382032632368217,1.4621179719320392,yes,0.0
rabbit,nonvisual,2,Does it make noises?,no,6.0,1.1666666666666667,1.1690451944500122,-1.0,2.0,1.0,0.8944271909999159,0.0,2.0,-0.8333333333333334,1.1690451944500122,-2.0,1.0,1.8333333333333333,1.7224014243685084,0.0,4.0,-0.6642627337645614,1.2442640520703605,1.427972564027258,yes,0.0
zebra,visual,3,Does it have jaws?,no,7.0,1.0,1.5275252316519468,-2.0,2.0,1.4285714285714286,1.3972762620115438,0.0,4.0,-1.0,1.0,-2.0,0.0,1.0,1.5275252316519468,0.0,4.0,0.0024762887418577923,-0.030245160527014165,1.052373077074666,yes,0.0
